predictor, x, y
zn,-0.07393,0.044855
indus,0.50978,-0.063855
chas,-1.8928,-0.749134
nox,31.249,-10.313535
rm,-2.684,0.430131
age,0.10779,0.001452
dis,-1.5509,-0.987176
rad,0.61971,0.588209
tax,0.029742,-0.00378
ptratio,1.152,-0.271081
black,-0.3628,-0.007538
lstat,0.5488,0.126211
medv,-0.36316,-0.198887
